[{"model": "catalog.book", "pk": 1, "fields": {"title": "\u72c2\u4eba\u65e5\u8bb0", "author": 1, "summary": "\u5c0f\u8bf4\u901a\u8fc7\u88ab\u8feb\u5bb3\u8005\u201c\u72c2\u4eba\u201d\u7684\u5f62\u8c61\u4ee5\u53ca\u201c\u72c2\u4eba\u201d\u7684\u81ea\u8ff0\u5f0f\u7684\u63cf\u5199\uff0c\u63ed\u793a\u4e86\u5c01\u5efa\u793c\u6559\u7684\u201c\u5403\u4eba\u201d\u672c\u8d28\uff0c\u8868\u73b0\u4e86\u4f5c\u8005\u5bf9\u4ee5\u5c01\u5efa\u793c\u6559\u4e3a\u4e3b\u4f53\u5185\u6db5\u7684\u4e2d\u56fd\u5c01\u5efa\u6587\u5316\u7684\u53cd\u6297\uff1b\u4e5f\u8868\u73b0\u4e86\u4f5c\u8005\u6df1\u523b\u7684\u5fcf\u6094\u610f\u8bc6\u3002\u4f5c\u8005\u4ee5\u5f7b\u5e95\u7684\u201c\u9769\u547d\u6c11\u4e3b\u4e3b\u4e49\u201d\u7684\u7acb\u573a\u5bf9\u4e2d\u56fd\u7684\u6587\u5316\u8fdb\u884c\u4e86\u6df1\u523b\u7684\u53cd\u601d\uff0c\u540c\u65f6\u5bf9\u4e2d\u56fd\u7684\u751a\u81f3\u662f\u4eba\u7c7b\u7684\u524d\u9014\u8868\u8fbe\u4e86\u6df1\u5e7f\u7684\u5fe7\u6124\u3002", "isbn": "9787807240648", "language": 4, "pic": "", "genre": [7]}}, {"model": "catalog.book", "pk": 2, "fields": {"title": "\u501a\u5929\u5c60\u9f99\u8bb0", "author": 5, "summary": "\u300a\u501a\u5929\u5c60\u9f99\u8bb0\u300b\u4ee5\u5b89\u5fbd\u519c\u6c11\u6731\u5143\u748b\u63ed\u7aff\u800c\u8d77\u5efa\u7acb\u660e\u671d\u5929\u4e0b\u4e3a\u80cc\u666f\uff0c\u4ee5\u5f20\u65e0\u5fcc\u7684\u6210\u957f\u4e3a\u7ebf\u7d22\uff0c\u53d9\u5199\u6c5f\u6e56\u4e0a\u7684\u5404\u5e2e\u5404\u6d3e\u3001\u5404\u79cd\u4eba\u7269\u7684\u6069\u6028\u60c5\u4ec7\uff0c\u5b83\u628a\u4e2d\u56fd\u5386\u53f2\u4e0a\u5143\u671d\u7684\u5174\u8870\u548c\u6c5f\u6e56\u9053\u4e49\u3001\u6069\u4ec7\u5e73\u884c\u4ea4\u53c9\u8d77\u6765\u3002", "isbn": "9787807310860", "language": 4, "pic": "BookImage/404_NY5eQNm.png", "genre": [1]}}, {"model": "catalog.book", "pk": 3, "fields": {"title": "\u54c8\u59c6\u96f7\u7279(Hamlet)", "author": 2, "summary": "\u4e39\u9ea6\u738b\u5b50\u54c8\u59c6\u96f7\u7279\u5728\u5fb7\u56fd\u5a01\u767b\u5821\u5927\u5b66\u5c31\u8bfb\u65f6\u7a81\u7136\u63a5\u5230\u7236\u4eb2\u7684\u6b7b\u8baf\uff0c\u56de\u56fd\u5954\u4e27\u65f6\u63a5\u8fde\u9047\u5230\u4e86\u53d4\u7236\u514b\u52b3\u72c4\u65af\u5373\u4f4d\u548c\u53d4\u7236\u4e0e\u6bcd\u4eb2\u4e54\u7279\u9c81\u5fb7\u5728\u7236\u4eb2\u846c\u793c\u540e\u4e00\u4e2a\u6708\u5306\u5fd9\u7ed3\u5a5a\u7684\u4e00\u8fde\u4e32\u4e8b\u53d8\uff0c\u8fd9\u4f7f\u54c8\u59c6\u96f7\u7279\u5145\u6ee1\u4e86\u7591\u60d1\u548c\u4e0d\u6ee1\u3002\u7d27\u63a5\u7740\uff0c\u5728\u970d\u62c9\u65ed\u548c\u52c3\u90a3\u591a\u7ad9\u5c97\u65f6\u51fa\u73b0\u4e86\u7236\u4eb2\u8001\u54c8\u59c6\u96f7\u7279\u7684\u9b3c\u9b42\uff0c\u8bf4\u660e\u81ea\u5df1\u662f\u88ab\u514b\u52b3\u72c4\u65af\u6bd2\u6b7b\u5e76\u8981\u6c42\u54c8\u59c6\u96f7\u7279\u4e3a\u81ea\u5df1\u590d\u4ec7\u3002\u968f\u540e\uff0c\u54c8\u59c6\u96f7\u7279\u5229\u7528\u88c5\u75af\u63a9\u62a4\u81ea\u5df1\u5e76\u901a\u8fc7\"\u620f\u4e2d\u620f\"\u8bc1\u5b9e\u4e86\u81ea\u5df1\u7684\u53d4\u7236\u7684\u786e\u662f\u6740\u7236\u4ec7\u4eba\u3002\u7531\u4e8e\u9519\u8bef\u5730\u6740\u6b7b\u4e86\u5fc3\u7231\u7684\u5965\u83f2\u8389\u4e9a\u7684\u7236\u4eb2\u6ce2\u7f57\u6d85\u65af\uff0c\u514b\u52b3\u72c4\u65af\u8bd5\u56fe\u501f\u82f1\u738b\u624b\u9664\u6389\u54c8\u59c6\u96f7\u7279\uff0c\u4f46\u54c8\u59c6\u96f7\u7279\u8d81\u673a\u9003\u56de\u4e39\u9ea6\uff0c\u5374\u5f97\u77e5\u5965\u83f2\u8389\u4e9a\u81ea\u6740\u5e76\u4e0d\u5f97\u4e0d\u63a5\u53d7\u4e86\u4e0e\u5176\u5144\u96f7\u6b27\u63d0\u65af\u7684\u51b3\u6597\u3002\u51b3\u6597\u4e2d\u54c8\u59c6\u96f7\u7279\u7684\u6bcd\u4eb2\u4e54\u7279\u9c81\u5fb7\u56e0\u8bef\u559d\u514b\u52b3\u72c4\u65af\u4e3a\u54c8\u59c6\u96f7\u7279\u51c6\u5907\u7684\u6bd2\u9152\u800c\u4e2d\u6bd2\u6b7b\u53bb\uff0c\u54c8\u59c6\u96f7\u7279\u548c\u96f7\u6b27\u63d0\u65af\u4e5f\u53cc\u53cc\u4e2d\u4e86\u6bd2\u5251\uff0c\u5f97\u77e5\u4e2d\u6bd2\u539f\u59d4\u7684\u54c8\u59c6\u96f7\u7279\u5728\u4e34\u6b7b\u524d\u6740\u6b7b\u4e86\u514b\u52b3\u72c4\u65af\u5e76\u5631\u6258\u670b\u53cb\u970d\u62c9\u65ed\u5c06\u81ea\u5df1\u7684\u6545\u4e8b\u544a\u8bc9\u540e\u6765\u4eba\u3002", "isbn": "978-7-5125-09", "language": 2, "pic": "", "genre": [8]}}, {"model": "catalog.book", "pk": 5, "fields": {"title": "\u7ea2\u9ad8\u7cb1\u5bb6\u65cf", "author": 3, "summary": "\u300a\u7ea2\u9ad8\u7cb1\u300b\u901a\u8fc7\u201c\u6211\u201d\u7684\u53d9\u8ff0\uff0c\u63cf\u5199\u4e86\u6297\u65e5\u6218\u4e89\u671f\u95f4\uff0c\u201c\u6211\u201d\u7684\u7956\u5148\u5728\u9ad8\u5bc6\u4e1c\u5317\u4e61\u8f70\u8f70\u70c8\u70c8\u3001\u82f1\u52c7\u60b2\u58ee\u7684\u4eba\u751f\u6545\u4e8b\u3002\u6545\u4e8b\u7684\u4e3b\u7ebf\u662f\u201c\u6211\u201d\u7684\u7237\u7237\u548c\u5976\u5976\uff0c\u6545\u4e8b\u53d1\u751f\u7684\u4e3b\u8981\u5730\u70b9\u662f\u9ad8\u5bc6\u4e1c\u5317\u4e61\u3002\u201c\u6211\u201d\u7684\u7237\u7237\u53eb\u4f59\u5360\u9ccc\uff0c\u5976\u5976\u53eb\u6234\u51e4\u83b2\uff0c\u81f3\u4e8e\u9ad8\u5bc6\u4e1c\u5317\u4e61\u8fd9\u4e2a\u5730\u65b9\u4f5c\u8005\u5bf9\u5176\u505a\u8fc7\u5982\u4e0b\u7684\u63cf\u8ff0\uff1a\u201c\u6700\u7f8e\u4e3d\u6700\u4e11\u964b\u3001\u6700\u8d85\u8131\u6700\u4e16\u4fd7\u540c\u65f6\u6700\u5723\u6d01\u6700\u9f8c\u9f8a\uff0c\u4e5f\u662f\u6700\u82f1\u96c4\u597d\u6c49\u6700\u738b\u516b\u86cb\u4ee5\u53ca\u6700\u80fd\u559d\u9152\u548c\u6700\u80fd\u7231\u7684\u5730\u65b9\uff0c\u8fd9\u5c31\u662f\u9ad8\u5bc6\u4e1c\u5317\u4e61\u3002\u201d", "isbn": "9787506366670", "language": 4, "pic": "", "genre": [5, 9]}}, {"model": "catalog.book", "pk": 6, "fields": {"title": "\u9646\u5c0f\u51e4\u4f20\u5947", "author": 6, "summary": "1972\u5e74\uff0c\u91d1\u5eb8\u7684\u6700\u540e\u4e00\u90e8\u4f5c\u54c1\u300a\u9e7f\u9f0e\u8bb0\u300b\u5728\u300a\u660e\u62a5\u300b\u7684\u8fde\u8f7d\u5373\u5c06\u7ed3\u675f\uff0c\u5c31\u5199\u4fe1\u7ed9\u53e4\u9f99\uff0c\u5e0c\u671b\u4ed6\u80fd\u7ed9\u300a\u660e\u62a5\u300b\u5199\u6b66\u4fa0\u5c0f\u8bf4\u8fde\u8f7d\uff0c\u4f7f\u4e4b\u4e0d\u81f3\u4e8e\u51fa\u73b0\u7a7a\u767d\u3002\u90a3\u65f6\u53e4\u9f99\u540d\u5934\u6b63\u76db\uff0c\u6765\u51fd\u5f88\u591a\uff0c\u4e5f\u7ec6\u770b\u4e0d\u8fc7\u6765\uff0c\u4ed6\u6f2b\u4e0d\u7ecf\u5fc3\u5730\u8ba9\u4e8e\u4e1c\u697c\u5c06\u4fe1\u62c6\u5f00\uff0c\u770b\u770b\u5230\u5e95\u662f\u54ea\u4e2a\u201c\u5bb6\u4f19\u201d\u4ece\u9999\u6e2f\u6765\u4fe1\u7ed9\u4ed6\u3002\u7ed3\u679c\u662f\u91d1\u5eb8\u7684\u7ea6\u7a3f\u4fe1\uff0c\u53e4\u9f99\u770b\u4e86\u4e4b\u540e\uff0c\u96be\u4ee5\u7f6e\u4fe1\uff0c\u6fa1\u4e5f\u4e0d\u6d17\u4e86\uff0c\u201c\u5149\u7740\u8eab\u5b50\u8eba\u5728\u6905\u5b50\u4e0a\uff0c\u534a\u5929\u4e0d\u8bf4\u4e00\u53e5\u8bdd\u201d\u3002\r\n\r\n\u4e4b\u540e\u53e4\u9f99\u5373\u5f00\u59cb\u4e3a\u660e\u62a5\u64b0\u5199\u300a\u9646\u5c0f\u51e4\u7cfb\u5217\u300b\u8fd9\u4e2a\u4f5c\u54c1\uff0c\u4f5c\u54c1\u5f88\u6210\u529f\uff0c\u4e5f\u5f88\u7cbe\u5f69\uff0c\u5c24\u5176\u662f\u524d\u9762\u7684\u4e09\u90e8\u3002\u5373\u4f7f\u662f\u53e4\u9f99\u7684\u575a\u5b9a\u62e5\u62a4\u8005\u4e5f\u5927\u90fd\u627f\u8ba4\uff0c\u53e4\u9f99\u5728\u5199\u4f5c\u300a\u9646\u5c0f\u51e4\u7cfb\u5217\u300b\u4e4b\u524d\uff0c\u5df2\u7ecf\u8fdb\u5165\u4e86\u521b\u4f5c\u4e0a\u6700\u8f89\u714c\u7684\u65f6\u671f\u3002", "isbn": "9789812290267", "language": 4, "pic": "BookImage/lxfcq.jpg", "genre": [1]}}, {"model": "catalog.book", "pk": 7, "fields": {"title": "\u4e09\u4f53", "author": 8, "summary": "\u300a\u4e09\u4f53\u300b\u662f\u5218\u6148\u6b23\u521b\u4f5c\u7684\u7cfb\u5217\u957f\u7bc7\u79d1\u5e7b\u5c0f\u8bf4\uff0c\u7531\u300a\u4e09\u4f53\u300b\u3001\u300a\u4e09\u4f53\u2161\u00b7\u9ed1\u6697\u68ee\u6797\u300b\u3001\u300a\u4e09\u4f53\u2162\u00b7\u6b7b\u795e\u6c38\u751f\u300b\u7ec4\u6210\uff0c\u7b2c\u4e00\u90e8\u4e8e2006\u5e745\u6708\u8d77\u5728\u300a\u79d1\u5e7b\u4e16\u754c\u300b\u6742\u5fd7\u4e0a\u8fde\u8f7d\uff0c\u7b2c\u4e8c\u90e8\u4e8e2008\u5e745\u6708\u9996\u6b21\u51fa\u7248\uff0c\u7b2c\u4e09\u90e8\u5219\u4e8e2010\u5e7411\u6708\u51fa\u7248\u3002\r\n\u4f5c\u54c1\u8bb2\u8ff0\u4e86\u5730\u7403\u4eba\u7c7b\u6587\u660e\u548c\u4e09\u4f53\u6587\u660e\u7684\u4fe1\u606f\u4ea4\u6d41\u3001\u751f\u6b7b\u640f\u6740\u53ca\u4e24\u4e2a\u6587\u660e\u5728\u5b87\u5b99\u4e2d\u7684\u5174\u8870\u5386\u7a0b\u3002\u5176\u7b2c\u4e00\u90e8\u7ecf\u8fc7\u5218\u5b87\u6606\u7ffb\u8bd1\u540e\u83b7\u5f97\u4e86\u7b2c73\u5c4a\u96e8\u679c\u5956\u6700\u4f73\u957f\u7bc7\u5c0f\u8bf4\u5956\u3002", "isbn": "9787536692930", "language": 4, "pic": "BookImage/st_UMds07O.jpg", "genre": [4, 9]}}, {"model": "catalog.book", "pk": 8, "fields": {"title": "\u9f99\u65cf\u2161", "author": 9, "summary": "\u8fd9\u662f\u4e00\u4e2a\u5173\u4e8e\u5c60\u9f99\u8005\u7684\u6545\u4e8b\uff0c\u8fd9\u4e5f\u662f\u4e00\u4e2a\u5173\u4e8e\u5c11\u5e74\u4eec\u6210\u957f\u7684\u4f20\u5947\u3002\r\n\r\n\u8870\u4ed4\u8def\u660e\u975e\u5728\u751f\u65e5\u90a3\u5929\u6536\u5230\u4e86\u540c\u5b66\u805a\u4f1a\u7684\u9080\u8bf7\uff0c\u4e5f\u540c\u65f6\u63a5\u6536\u5230\u4e86\u6765\u81ea\u5361\u585e\u5c14\u5b66\u9662\u7684\u4efb\u52a1\u3002\u800c\u7279\u7acb\u72ec\u884c\u7684\u695a\u5b50\u822a\u5374\u72ec\u81ea\u627f\u62c5\u4e86\u5168\u90e8\u7684\u4efb\u52a1\uff0c\u5e76\u4e14\u5706\u6ee1\u5b8c\u6210\u3002\u4e8c\u4eba\u7acb\u5373\u98de\u5f80\u829d\u52a0\u54e5\uff0c\u5f00\u59cb\u4e86\u65b0\u7684\u5b66\u671f\u3002\r\n\r\n\u5728\u829d\u52a0\u54e5\uff0c\u4ed6\u4eec\u9082\u9005\u4e86\u6f02\u4eae\u7684\u5e08\u59b9\u590f\u5f25\u3002\u540c\u65f6\uff0c\u6602\u70ed\u6821\u957f\u6765\u5230\u6b64\u5730\uff0c\u5e26\u9886\u8def\u660e\u975e\u4ee5\u4ebf\u5143\u5929\u4ef7\u62cd\u4e0b\u4e86\u201c\u4e03\u5b97\u7f6a\u201d\u3002\u800c\u5f53\u4ed6\u4eec\u5728\u516d\u65d7\u6e38\u4e50\u56ed\u4e0a\u5f00\u59cb\u5e86\u795d\u5410\u69fd\u65f6\uff0c\u4e00\u4e2a\u610f\u5916\u53d1\u751f\u4e86\u2014\u2014\u8fc7\u5c71\u8f66\u9762\u4e34\u79bb\u5947\u5d29\u584c\uff0c\u695a\u5b50\u822a\u4e0d\u5f97\u4e0d\u5192\u9669\u4f7f\u7528\u201c\u7206\u8840\u201d\u6280\u80fd\u5c06\u4e8b\u6545\u5316\u89e3\u3002\u800c\u56e0\u4e3a\u8840\u7edf\u7684\u4e0d\u7a33\u5b9a\u3002\u4ed6\u4e5f\u9762\u4e34\u7740\u6821\u8463\u4f1a\u7684\u5ba1\u5224\uff0c\u5c31\u5728\u5ba1\u5224\u7ed3\u675f\u540e\uff0c\u730e\u4eba\u7f51\u7ad9\u5374\u4f20\u6765\u4e86\u4ee4\u4eba\u9707\u60ca\u7684\u6d88\u606f\u2014\u2014\u5927\u5730\u4e0e\u5c71\u4e4b\u9f99\u738b\u5728\u5317\u4eac\u82cf\u9192\u3002\r\n\r\n\u5168\u4e16\u754c\u7684\u6df7\u8840\u7cbe\u82f1\u7eb7\u7eb7\u98de\u5f80\u5317\u4eac\uff0c\u800c\u9152\u5fb7\u9ebb\u8863\u56e2\u961f\u4e5f\u5728\u5317\u4eac\u4e0d\u4e0b\u4e86\u201c\u6740\u9f99\u4e4b\u5c40\u201d\uff1a\u9b54\u517d\u4e16\u754c\u526f\u672c\u3001\u82f1\u96c4\u7ea7\u8def\u660e\u975e\u8d26\u53f7\u3001\u5168\u65b9\u4f4d\u76d1\u63a7\u3002\u8def\u660e\u975e\u548c\u4ed6\u7684\u4f19\u4f34\u4eec\u7eb7\u7eb7\u6f5c\u5165\u5317\u4eac\u5730\u94c1\uff0c\u5f00\u59cb\u4e86\u65b0\u4e00\u8f6e\u7684\u5c60\u9f99\u5386\u7a0b\u3002", "isbn": "9787549204304", "language": 4, "pic": "BookImage/lz_23HL7vC.jpg", "genre": [2, 9]}}, {"model": "catalog.book", "pk": 9, "fields": {"title": "\u9f99\u65cf\u2160", "author": 9, "summary": "\u300a\u9f99\u65cf\u2160\uff1a\u706b\u4e4b\u6668\u66e6\u300b\u4ee5\u4e00\u4e2a\u5c11\u5e74\u7684\u5192\u9669\u4e4b\u65c5\u4e3a\u6545\u4e8b\u6838\u5fc3\uff0c\u5c55\u73b0\u4e86\u9f99\u7684\u4e16\u754c\u4e2d\u7684\u795e\u79d8\u4e0e\u5b8f\u5927\u3002\u5c0f\u8bf4\u7684\u80cc\u666f\u662f\u6839\u636e\u5317\u6b27\u795e\u8bdd\u865a\u6784\u7684\uff0c\u8bf8\u795e\u7684\u9ec4\u660f\u662f\u5317\u6b27\u795e\u8bdd\u91cc\u6700\u8457\u540d\u7684\u4e00\u573a\u6218\u4e89\uff0c\u4e5f\u662f\u795e\u8bdd\u7684\u7ed3\u675f\u3002\u800c\u8fd9\u6b63\u662f\u300a\u9f99\u65cf\u300b\u7684\u5f00\u7aef\u3002\u8457\u540d\u7684\u9ed1\u9f99\u5c3c\u5fb7\u970d\u683c\u5728\u672c\u4e66\u4e2d\u4f5c\u4e3a\u59cb\u7956\u4e4b\u9f99\u51fa\u573a\uff0c\u548c\u5b83\u7684\u540e\u4ee3\u9f99\u738b\u4eec\u4e00\u8d77\uff0c\u5411\u4eba\u7c7b\u7684\u4e16\u754c\u53d1\u8d77\u6311\u6218\u3002\u4e8e\u662f\u5728\u9f99\u65cf\u590d\u5174\u7684\u4e00\u523b\uff0c\u65b0\u65f6\u4ee3\u7684\u82f1\u96c4\u4eec\u5fc5\u987b\u4ece\u53e4\u8001\u795e\u8bdd\u4e2d\u5b66\u4e60\u77e5\u8bc6\uff0c\u7ed3\u5408\u73b0\u4ee3\u7684\u79d1\u6280\uff0c\u518d\u6b21\u8fce\u63a5\u9f99\u65cf\u7684\u6311\u6218\u3002\u800c\u7ad9\u5728\u8fd9\u4e00\u7ffb\u5929\u8986\u5730\u7684\u5386\u53f2\u5173\u53e3\u7684\u4e3b\u89d2\u5374\u662f\u4e00\u4e2a\u518d\u666e\u901a\u4e0d\u8fc7\u7684\u5c11\u5e74\u3002\r\n\u8def\u660e\u975e\u5c31\u662f\u8fd9\u4e2a\u6545\u4e8b\u7684\u4e3b\u89d2\uff0c\u4e00\u5c01\u6765\u81ea\u5361\u585e\u5c14\u5b66\u9662\u7684\u6765\u4fe1\u6539\u53d8\u4e86\u4ed6\u5e73\u6de1\u7684\u4eba\u751f\u3002\u5728\u70ed\u8840\u4e0e\u795e\u79d8\u7684\u547c\u5524\u4e0b\uff0c\u5728\u7231\u4e0e\u68a6\u60f3\u7684\u6289\u62e9\u4e0b\uff0c\u4ed6\u6bc5\u7136\u9009\u62e9\u4e86\u672a\u77e5\u3002\u9ed1\u8272\u7684\u76f4\u5347\u673a\u5212\u8fc7\u5929\u9645\uff0c\u964c\u751f\u56fd\u5ea6\u7684\u5927\u95e8\u5411\u4ed6\u7f13\u7f13\u5f00\u542f\uff0c\u5e73\u51e1\u7684\u4e2d\u56fd\u5c0f\u5b69\u8d70\u4e0a\u4e0d\u5e73\u51e1\u7684\u5c60\u9f99\u4e4b\u8def\u3002\u800c\u9065\u8fdc\u7684\u5361\u585e\u5c14\u5b66\u9662\u5374\u5904\u5904\u900f\u7740\u795e\u79d8\u2014\u2014\u5947\u602a\u7684\u8bfe\u7a0b\u3001\u641e\u7b11\u7684\u5b66\u957f\u3001\u75af\u72c2\u7684\u6559\u5e08\u3001\u9a84\u50b2\u7684\u540c\u5b66\u2026\u2026\u8def\u660e\u975e\u521a\u521a\u8fdb\u5165\u5b66\u6821\u5c31\u906d\u9047\u4e86\u65e0\u6570\u7684\u602a\u4e8b\u3002\u4f46\u662f\uff0c\u968f\u4e4b\u800c\u6765\u7684\u6311\u6218\u4e5f\u5f00\u59cb\u4e86\uff0c\u7b49\u7ea7\u8003\u8bd5\u3001\u8a00\u7075\u8003\u9a8c\u3001\u5730\u56fe\u641c\u7d22\u3002\u9f99\u7684\u4e16\u754c\u4e5f\u7ec8\u4e8e\u5728\u6c34\u4e0b\u9732\u51fa\u4e86\u795e\u79d8\u9762\u7eb1\u3002\u8fd9\u4e2a\u4e16\u754c\u7a76\u7adf\u6709\u6ca1\u6709\u9f99\uff1f\u9f99\u7684\u4e16\u754c\u53c8\u6709\u54ea\u4e9b\u672a\u89e3\u4e4b\u8c1c\uff1f\u8def\u660e\u975e\u7684\u4eba\u751f\u5c06\u662f\u5982\u4f55\uff1f\u7406\u60f3\u3001\u70ed\u8840\u3001\u594b\u6597\uff0c\u5168\u65b0\u7684\u4eba\u751f\uff0c\u5168\u65b0\u7684\u5192\u9669\u7ecf\u5386\u3002", "isbn": "978-7-80708-9", "language": 4, "pic": "BookImage/lz.jpg", "genre": [2, 9]}}, {"model": "catalog.book", "pk": 10, "fields": {"title": "\u6d4b\u8bd51", "author": 9, "summary": "111", "isbn": "1111111111111", "language": 1, "pic": "BookImage/404_lBwHWLp.png", "genre": [9]}}, {"model": "catalog.book", "pk": 11, "fields": {"title": "\u6d4b\u8bd52", "author": 8, "summary": "11222", "isbn": "2222222222222", "language": 2, "pic": "BookImage/404.png", "genre": [9]}}, {"model": "catalog.book", "pk": 17, "fields": {"title": "\u62db\u8058\u56fe\u4e66\u9986\u5de5\u4f5c\u4eba\u5458", "author": 2, "summary": "\u53bb", "isbn": "22", "language": 1, "pic": "defaultImage/404.png", "genre": [2]}}, {"model": "catalog.bookinstance", "pk": "00851746-391a-478b-a6a3-6eb2675c3ee0", "fields": {"book": 7, "imprint": "\u91cd\u5e86\u51fa\u7248\u793e    2008\u7248", "due_back": null, "appointment_time": null, "appointment": null, "borrower": null, "status": "a"}}, {"model": "catalog.bookinstance", "pk": "014b4825-6f55-4d70-9332-0431086de3cd", "fields": {"book": 6, "imprint": "111111", "due_back": "2020-01-24", "appointment_time": null, "appointment": null, "borrower": 4, "status": "o"}}, {"model": "catalog.bookinstance", "pk": "03d7076e-9d73-4252-860a-cde95f3903b1", "fields": {"book": 6, "imprint": "111111", "due_back": "2020-01-28", "appointment_time": null, "appointment": null, "borrower": 5, "status": "o"}}, {"model": "catalog.bookinstance", "pk": "04e51d69-16b0-46ce-a398-6f9609753399", "fields": {"book": 6, "imprint": "111111", "due_back": "2020-01-28", "appointment_time": null, "appointment": 3101, "borrower": 3101, "status": "o"}}, {"model": "catalog.bookinstance", "pk": "3652ed12-7a29-418b-bc53-8ae08589055c", "fields": {"book": 8, "imprint": "2020", "due_back": null, "appointment_time": null, "appointment": null, "borrower": null, "status": "a"}}, {"model": "catalog.bookinstance", "pk": "48be618a-198e-416c-a848-e8cabb134e40", "fields": {"book": 1, "imprint": "\u957f\u6c99\u51fa\u7248\u793e    2019\u7248", "due_back": "2020-01-24", "appointment_time": null, "appointment": 2, "borrower": null, "status": "r"}}, {"model": "catalog.bookinstance", "pk": "4a9e467a-f86e-4e12-b03c-e4dee93bf445", "fields": {"book": 7, "imprint": "\u91cd\u5e86\u51fa\u7248\u793e    2008\u7248", "due_back": "2020-01-23", "appointment_time": null, "appointment": null, "borrower": 1, "status": "a"}}, {"model": "catalog.bookinstance", "pk": "4ad55d37-d7e7-49b1-abec-81309a57fdd4", "fields": {"book": 8, "imprint": "2020", "due_back": null, "appointment_time": null, "appointment": null, "borrower": null, "status": "a"}}, {"model": "catalog.bookinstance", "pk": "8821706d-9dcd-45f2-9599-cb3371ee8bf6", "fields": {"book": 7, "imprint": "\u91cd\u5e86\u51fa\u7248\u793e    2008\u7248", "due_back": null, "appointment_time": null, "appointment": null, "borrower": null, "status": "a"}}, {"model": "catalog.bookinstance", "pk": "a1c18773-5e86-49b5-ac85-5b9331e0905d", "fields": {"book": 8, "imprint": "\u957f\u6c99\u51fa\u7248\u793e    2020\u7248", "due_back": null, "appointment_time": null, "appointment": null, "borrower": null, "status": "a"}}, {"model": "catalog.bookinstance", "pk": "a1e5f44a-214a-440a-839f-f1e8927e5349", "fields": {"book": 7, "imprint": "\u91cd\u5e86\u51fa\u7248\u793e    2008\u7248", "due_back": null, "appointment_time": null, "appointment": null, "borrower": null, "status": "a"}}, {"model": "catalog.bookinstance", "pk": "a21772f3-8d1f-4b63-a649-2cb2a2dbf6e4", "fields": {"book": 7, "imprint": "\u91cd\u5e86\u51fa\u7248\u793e    2008\u7248", "due_back": "2020-01-28", "appointment_time": null, "appointment": null, "borrower": 3101, "status": "o"}}, {"model": "catalog.bookinstance", "pk": "ab37b3e2-a275-455d-b3bd-9dae39e3d725", "fields": {"book": 5, "imprint": "\u53f0\u6e7e\u51fa\u7248\u793e    2019\u7248", "due_back": "2019-11-01", "appointment_time": null, "appointment": null, "borrower": 403, "status": "o"}}, {"model": "catalog.bookinstance", "pk": "b37f5487-b00d-4e88-8957-50f016457154", "fields": {"book": 1, "imprint": "\u957f\u6c99\u51fa\u7248\u793e    2019\u7248", "due_back": null, "appointment_time": null, "appointment": null, "borrower": null, "status": "a"}}, {"model": "catalog.bookinstance", "pk": "b89aabc3-9511-468b-aff6-5d7cae42607f", "fields": {"book": 1, "imprint": "\u957f\u6c99\u51fa\u7248\u793e    2019\u7248", "due_back": "2020-01-17", "appointment_time": null, "appointment": null, "borrower": 2, "status": "a"}}, {"model": "catalog.bookinstance", "pk": "c715c97c-70ff-434f-ab9a-dee4a1474bbe", "fields": {"book": 7, "imprint": "\u91cd\u5e86\u51fa\u7248\u793e    2008\u7248", "due_back": null, "appointment_time": null, "appointment": null, "borrower": null, "status": "a"}}, {"model": "catalog.bookinstance", "pk": "d83bf00f-c0ca-4af1-b158-dd389410c084", "fields": {"book": 1, "imprint": "\u957f\u6c99\u51fa\u7248\u793e    2019\u7248", "due_back": null, "appointment_time": null, "appointment": null, "borrower": null, "status": "a"}}, {"model": "catalog.language", "pk": 1, "fields": {"language": "Japanese"}}, {"model": "catalog.language", "pk": 2, "fields": {"language": "English"}}, {"model": "catalog.language", "pk": 3, "fields": {"language": "French"}}, {"model": "catalog.language", "pk": 4, "fields": {"language": "\u4e2d\u6587"}}, {"model": "catalog.language", "pk": 5, "fields": {"language": "\u0420\u0443\u0441\u0441\u043a\u0438\u0439 \u044f\u0437\u044b\u043a"}}, {"model": "catalog.genre", "pk": 1, "fields": {"name": "\u6b66\u4fa0"}}, {"model": "catalog.genre", "pk": 2, "fields": {"name": "\u7384\u5e7b"}}, {"model": "catalog.genre", "pk": 3, "fields": {"name": "\u8bd7\u6b4c"}}, {"model": "catalog.genre", "pk": 4, "fields": {"name": "\u79d1\u5e7b"}}, {"model": "catalog.genre", "pk": 5, "fields": {"name": "\u5386\u53f2"}}, {"model": "catalog.genre", "pk": 7, "fields": {"name": "\u77ed\u7bc7"}}, {"model": "catalog.genre", "pk": 8, "fields": {"name": "\u5267\u672c"}}, {"model": "catalog.genre", "pk": 9, "fields": {"name": "\u957f\u7bc7"}}, {"model": "catalog.userextension1", "pk": 1, "fields": {"user": 1, "telephone": "15574369473", "school": "\u4e2d\u5357\u6797\u4e1a\u79d1\u6280\u5927\u5b66\u6d89\u5916\u5b66\u9662"}}, {"model": "catalog.userextension1", "pk": 2, "fields": {"user": 2, "telephone": null, "school": "\u4e2d\u5357\u6797\u4e1a\u79d1\u6280\u5927\u5b66\u6d89\u5916\u5b66\u9662"}}, {"model": "catalog.userextension1", "pk": 3, "fields": {"user": 3, "telephone": null, "school": "\u4e2d\u5357\u6797\u4e1a\u79d1\u6280\u5927\u5b66\u6d89\u5916\u5b66\u9662"}}, {"model": "catalog.userextension1", "pk": 4, "fields": {"user": 4, "telephone": null, "school": "\u4e2d\u5357\u6797\u4e1a\u79d1\u6280\u5927\u5b66\u6d89\u5916\u5b66\u9662"}}, {"model": "catalog.userextension1", "pk": 5, "fields": {"user": 5, "telephone": null, "school": "\u4e2d\u5357\u6797\u4e1a\u79d1\u6280\u5927\u5b66\u6d89\u5916\u5b66\u9662"}}, {"model": "catalog.userextension1", "pk": 7, "fields": {"user": 181, "telephone": null, "school": "\u4e2d\u5357\u6797\u4e1a\u79d1\u6280\u5927\u5b66\u6d89\u5916\u5b66\u9662"}}, {"model": "catalog.userextension1", "pk": 8, "fields": {"user": 182, "telephone": null, "school": "\u4e2d\u5357\u6797\u4e1a\u79d1\u6280\u5927\u5b66\u6d89\u5916\u5b66\u9662"}}, {"model": "catalog.userextension1", "pk": 9, "fields": {"user": 403, "telephone": "122", "school": "\u4e2d\u5357\u6797\u4e1a\u79d1\u6280\u5927\u5b66\u6d89\u5916\u5b66\u9662"}}, {"model": "catalog.userextension1", "pk": 2147, "fields": {"user": 3101, "telephone": null, "school": "\u4e2d\u5357\u6797\u4e1a\u79d1\u6280\u5927\u5b66\u6d89\u5916\u5b66\u9662"}}, {"model": "catalog.userextension1", "pk": 2148, "fields": {"user": 3102, "telephone": null, "school": "\u4e2d\u5357\u6797\u4e1a\u79d1\u6280\u5927\u5b66\u6d89\u5916\u5b66\u9662"}}, {"model": "catalog.userextension1", "pk": 2149, "fields": {"user": 3103, "telephone": null, "school": "\u4e2d\u5357\u6797\u4e1a\u79d1\u6280\u5927\u5b66\u6d89\u5916\u5b66\u9662"}}, {"model": "catalog.userextension1", "pk": 2150, "fields": {"user": 3104, "telephone": null, "school": "\u4e2d\u5357\u6797\u4e1a\u79d1\u6280\u5927\u5b66\u6d89\u5916\u5b66\u9662"}}, {"model": "catalog.userextension1", "pk": 2151, "fields": {"user": 3105, "telephone": null, "school": "\u4e2d\u5357\u6797\u4e1a\u79d1\u6280\u5927\u5b66\u6d89\u5916\u5b66\u9662"}}, {"model": "catalog.userextension1", "pk": 2152, "fields": {"user": 3106, "telephone": null, "school": "\u4e2d\u5357\u6797\u4e1a\u79d1\u6280\u5927\u5b66\u6d89\u5916\u5b66\u9662"}}, {"model": "catalog.userextension1", "pk": 2153, "fields": {"user": 3107, "telephone": null, "school": "\u4e2d\u5357\u6797\u4e1a\u79d1\u6280\u5927\u5b66\u6d89\u5916\u5b66\u9662"}}, {"model": "catalog.userextension1", "pk": 2154, "fields": {"user": 3108, "telephone": null, "school": "\u4e2d\u5357\u6797\u4e1a\u79d1\u6280\u5927\u5b66\u6d89\u5916\u5b66\u9662"}}, {"model": "catalog.userextension1", "pk": 2155, "fields": {"user": 3109, "telephone": null, "school": "\u4e2d\u5357\u6797\u4e1a\u79d1\u6280\u5927\u5b66\u6d89\u5916\u5b66\u9662"}}, {"model": "catalog.userextension1", "pk": 2156, "fields": {"user": 3110, "telephone": null, "school": "\u4e2d\u5357\u6797\u4e1a\u79d1\u6280\u5927\u5b66\u6d89\u5916\u5b66\u9662"}}, {"model": "catalog.userextension1", "pk": 2157, "fields": {"user": 3111, "telephone": null, "school": "\u4e2d\u5357\u6797\u4e1a\u79d1\u6280\u5927\u5b66\u6d89\u5916\u5b66\u9662"}}, {"model": "catalog.userextension1", "pk": 2158, "fields": {"user": 3112, "telephone": null, "school": "\u4e2d\u5357\u6797\u4e1a\u79d1\u6280\u5927\u5b66\u6d89\u5916\u5b66\u9662"}}, {"model": "catalog.userextension1", "pk": 2159, "fields": {"user": 3113, "telephone": null, "school": "\u4e2d\u5357\u6797\u4e1a\u79d1\u6280\u5927\u5b66\u6d89\u5916\u5b66\u9662"}}, {"model": "catalog.userextension1", "pk": 2160, "fields": {"user": 3114, "telephone": null, "school": "\u4e2d\u5357\u6797\u4e1a\u79d1\u6280\u5927\u5b66\u6d89\u5916\u5b66\u9662"}}, {"model": "catalog.userextension1", "pk": 2161, "fields": {"user": 3115, "telephone": null, "school": "\u4e2d\u5357\u6797\u4e1a\u79d1\u6280\u5927\u5b66\u6d89\u5916\u5b66\u9662"}}, {"model": "catalog.userextension1", "pk": 2162, "fields": {"user": 3116, "telephone": null, "school": "\u4e2d\u5357\u6797\u4e1a\u79d1\u6280\u5927\u5b66\u6d89\u5916\u5b66\u9662"}}, {"model": "catalog.userextension1", "pk": 2163, "fields": {"user": 3117, "telephone": null, "school": "\u4e2d\u5357\u6797\u4e1a\u79d1\u6280\u5927\u5b66\u6d89\u5916\u5b66\u9662"}}, {"model": "catalog.userextension1", "pk": 2164, "fields": {"user": 3118, "telephone": null, "school": "\u4e2d\u5357\u6797\u4e1a\u79d1\u6280\u5927\u5b66\u6d89\u5916\u5b66\u9662"}}, {"model": "catalog.userextension1", "pk": 2165, "fields": {"user": 3119, "telephone": null, "school": "\u4e2d\u5357\u6797\u4e1a\u79d1\u6280\u5927\u5b66\u6d89\u5916\u5b66\u9662"}}, {"model": "catalog.userextension1", "pk": 2166, "fields": {"user": 3120, "telephone": null, "school": "\u4e2d\u5357\u6797\u4e1a\u79d1\u6280\u5927\u5b66\u6d89\u5916\u5b66\u9662"}}, {"model": "catalog.informations", "pk": 1, "fields": {"title": "@\u6240\u7528\u7528\u6237", "info": "<strong class=\"text-success\">\u597d\u6d88\u606f</strong>\uff0c\u62db\u8058\u56fe\u4e66\u9986\u5de5\u4f5c\u4eba\u5458\uff0c\u5305\u4e00\u65e5\u4e09\u9910\uff0c\u5de5\u8d44\u65e5\u7ed3\uff08\u4e00\u5929100\u5143\uff09\uff0c\u5148\u5230\u5148\u5f97\u3002", "Release_time": "2019-12-30"}}, {"model": "catalog.informations", "pk": 2, "fields": {"title": "@\u6240\u7528\u7528\u6237", "info": "\u8bf7\u5b8c\u5584\u4e2a\u4eba\u4fe1\u606f\uff08<strong class=\"text-primary\">\u8bf7\u52a1\u5fc5\u5b8c\u5584</strong>\u4e2a\u4ebaQQ\u90ae\u7bb1\u3002\uff09", "Release_time": "2019-12-30"}}, {"model": "catalog.informations", "pk": 7, "fields": {"title": "@\u6240\u7528\u7528\u6237", "info": "\u672c\u7cfb\u7edf\u5145\u5206\u8003\u8651\u5b89\u5168\u56e0\u7d20\uff0c\u91c7\u7528\u4e86\u5355\u7528\u6237\u4f7f\u7528\u8bbe\u8ba1\uff08<strong class=\"text-danger\">\u4e00\u4e2a\u7528\u6237\u8d26\u53f7\u53ea\u80fd\u5728\u540c\u4e00\u6d4f\u89c8\u5668\u548c\u540c\u4e00IP\u767b\u5f55</strong>\uff09\u3002", "Release_time": "2020-01-05"}}, {"model": "catalog.informations", "pk": 8, "fields": {"title": "@\u6240\u7528\u7528\u6237", "info": "\u6d4b\u8bd51", "Release_time": "2020-01-05"}}, {"model": "catalog.informations", "pk": 9, "fields": {"title": "@\u6240\u7528\u7528\u6237", "info": "\u6d4b\u8bd52", "Release_time": "2020-01-05"}}, {"model": "catalog.historybymanager", "pk": 1, "fields": {"master": 2, "books": "\u9f99\u65cf\u2161", "rent_time": "2019-12-23"}}, {"model": "catalog.historybymanager", "pk": 2, "fields": {"master": 2, "books": "\u9f99\u65cf\u2161", "rent_time": "2019-12-23"}}, {"model": "catalog.historybymanager", "pk": 3, "fields": {"master": 2, "books": "\u9f99\u65cf\u2161", "rent_time": "2019-12-23"}}, {"model": "catalog.historybymanager", "pk": 4, "fields": {"master": 2, "books": "\u9f99\u65cf\u2161", "rent_time": "2019-12-23"}}, {"model": "catalog.historybymanager", "pk": 5, "fields": {"master": 2, "books": "\u9f99\u65cf\u2161", "rent_time": "2019-12-23"}}, {"model": "catalog.historybymanager", "pk": 6, "fields": {"master": 2, "books": "\u9f99\u65cf\u2161", "rent_time": "2019-12-23"}}, {"model": "catalog.historybymanager", "pk": 7, "fields": {"master": 2, "books": "\u9f99\u65cf\u2161", "rent_time": "2019-12-23"}}, {"model": "catalog.historybymanager", "pk": 8, "fields": {"master": 2, "books": "\u9f99\u65cf\u2161", "rent_time": "2019-12-23"}}, {"model": "catalog.historybymanager", "pk": 9, "fields": {"master": 2, "books": "\u9f99\u65cf\u2161", "rent_time": "2019-12-23"}}, {"model": "catalog.historybymanager", "pk": 10, "fields": {"master": 2, "books": "\u9f99\u65cf\u2161", "rent_time": "2019-12-23"}}, {"model": "catalog.historybymanager", "pk": 11, "fields": {"master": 2, "books": "\u9f99\u65cf\u2161", "rent_time": "2019-12-23"}}, {"model": "catalog.historybymanager", "pk": 12, "fields": {"master": 2, "books": "\u9f99\u65cf\u2161", "rent_time": "2019-12-23"}}, {"model": "catalog.historybymanager", "pk": 13, "fields": {"master": 2, "books": "\u9f99\u65cf\u2161", "rent_time": "2019-12-23"}}, {"model": "catalog.historybymanager", "pk": 14, "fields": {"master": 2, "books": "\u9f99\u65cf\u2161", "rent_time": "2019-12-23"}}, {"model": "catalog.historybymanager", "pk": 15, "fields": {"master": 2, "books": "\u9f99\u65cf\u2161", "rent_time": "2019-12-23"}}, {"model": "catalog.historybymanager", "pk": 16, "fields": {"master": 2, "books": "\u9f99\u65cf\u2161", "rent_time": "2019-12-23"}}, {"model": "catalog.historybymanager", "pk": 17, "fields": {"master": 2, "books": "\u9f99\u65cf\u2161", "rent_time": "2019-12-27"}}, {"model": "catalog.historybymanager", "pk": 18, "fields": {"master": 2, "books": "\u72c2\u4eba\u65e5\u8bb0", "rent_time": "2019-12-27"}}, {"model": "catalog.historybymanager", "pk": 19, "fields": {"master": 2, "books": "\u72c2\u4eba\u65e5\u8bb0", "rent_time": "2019-12-27"}}, {"model": "catalog.historybymanager", "pk": 20, "fields": {"master": 2, "books": "\u72c2\u4eba\u65e5\u8bb0", "rent_time": "2019-12-27"}}, {"model": "catalog.historybymanager", "pk": 21, "fields": {"master": 2, "books": "\u72c2\u4eba\u65e5\u8bb0", "rent_time": "2019-12-27"}}, {"model": "catalog.historybymanager", "pk": 22, "fields": {"master": 2, "books": "\u72c2\u4eba\u65e5\u8bb0", "rent_time": "2019-12-27"}}, {"model": "catalog.historybymanager", "pk": 23, "fields": {"master": 2, "books": "\u4e09\u4f53", "rent_time": "2019-12-27"}}, {"model": "catalog.historybymanager", "pk": 24, "fields": {"master": 1, "books": "\u4e09\u4f53", "rent_time": "2020-01-02"}}, {"model": "catalog.historybymanager", "pk": 25, "fields": {"master": 1, "books": "\u4e09\u4f53", "rent_time": "2020-01-02"}}, {"model": "catalog.historybymanager", "pk": 26, "fields": {"master": null, "books": "\u4e09\u4f53", "rent_time": "2020-01-02"}}, {"model": "catalog.historybymanager", "pk": 27, "fields": {"master": 1, "books": "\u4e09\u4f53", "rent_time": "2020-01-02"}}, {"model": "catalog.historybymanager", "pk": 28, "fields": {"master": 1, "books": "\u4e09\u4f53", "rent_time": "2020-01-02"}}, {"model": "catalog.historybymanager", "pk": 29, "fields": {"master": 1, "books": "\u4e09\u4f53", "rent_time": "2020-01-02"}}, {"model": "catalog.historybymanager", "pk": 30, "fields": {"master": 1, "books": "\u9f99\u65cf\u2161", "rent_time": "2020-01-02"}}, {"model": "catalog.historybymanager", "pk": 31, "fields": {"master": 1, "books": "\u9f99\u65cf\u2161", "rent_time": "2020-01-02"}}, {"model": "catalog.historybymanager", "pk": 32, "fields": {"master": null, "books": "\u72c2\u4eba\u65e5\u8bb0", "rent_time": "2020-01-03"}}, {"model": "catalog.historybymanager", "pk": 33, "fields": {"master": 3, "books": "\u9646\u5c0f\u51e4\u4f20\u5947", "rent_time": "2020-01-03"}}, {"model": "catalog.historybymanager", "pk": 34, "fields": {"master": 4, "books": "\u9646\u5c0f\u51e4\u4f20\u5947", "rent_time": "2020-01-03"}}, {"model": "catalog.historybymanager", "pk": 35, "fields": {"master": 2, "books": "\u4e09\u4f53", "rent_time": "2020-01-07"}}, {"model": "catalog.historybymanager", "pk": 36, "fields": {"master": 2, "books": "\u4e09\u4f53", "rent_time": "2020-01-07"}}, {"model": "catalog.historybymanager", "pk": 37, "fields": {"master": 2, "books": "\u4e09\u4f53", "rent_time": "2020-01-07"}}, {"model": "catalog.historybymanager", "pk": 38, "fields": {"master": 2, "books": "\u4e09\u4f53", "rent_time": "2020-01-07"}}, {"model": "catalog.historybymanager", "pk": 39, "fields": {"master": 2, "books": "\u4e09\u4f53", "rent_time": "2020-01-07"}}, {"model": "catalog.historybymanager", "pk": 40, "fields": {"master": 2, "books": "\u4e09\u4f53", "rent_time": "2020-01-07"}}, {"model": "catalog.historybymanager", "pk": 41, "fields": {"master": 2, "books": "\u4e09\u4f53", "rent_time": "2020-01-07"}}, {"model": "catalog.historybymanager", "pk": 42, "fields": {"master": 2, "books": "\u4e09\u4f53", "rent_time": "2020-01-07"}}, {"model": "catalog.historybymanager", "pk": 43, "fields": {"master": 2, "books": "\u4e09\u4f53", "rent_time": "2020-01-07"}}, {"model": "catalog.historybymanager", "pk": 44, "fields": {"master": 3101, "books": "\u4e09\u4f53", "rent_time": "2020-01-07"}}, {"model": "catalog.historybymanager", "pk": 45, "fields": {"master": 3101, "books": "\u4e09\u4f53", "rent_time": "2020-01-07"}}, {"model": "catalog.historybymanager", "pk": 46, "fields": {"master": 3101, "books": "\u4e09\u4f53", "rent_time": "2020-01-07"}}, {"model": "catalog.historybymanager", "pk": 47, "fields": {"master": 3101, "books": "\u4e09\u4f53", "rent_time": "2020-01-07"}}, {"model": "catalog.historybymanager", "pk": 48, "fields": {"master": 3101, "books": "\u4e09\u4f53", "rent_time": "2020-01-07"}}, {"model": "catalog.historybymanager", "pk": 49, "fields": {"master": 3101, "books": "\u9646\u5c0f\u51e4\u4f20\u5947", "rent_time": "2020-01-07"}}, {"model": "catalog.author", "pk": 1, "fields": {"first_name": "\u8fc5", "last_name": "\u9c81", "date_of_birth": "1881-09-25", "date_of_death": "1936-10-19"}}, {"model": "catalog.author", "pk": 2, "fields": {"first_name": "William", "last_name": "Shakespeare", "date_of_birth": "1564-04-26", "date_of_death": "1616-04-23"}}, {"model": "catalog.author", "pk": 3, "fields": {"first_name": "\u8a00", "last_name": "\u83ab", "date_of_birth": "1955-02-17", "date_of_death": null}}, {"model": "catalog.author", "pk": 4, "fields": {"first_name": "\u5a49\u83b9(\u51b0\u5fc3)", "last_name": "\u8c22", "date_of_birth": "1900-10-05", "date_of_death": "1999-02-28"}}, {"model": "catalog.author", "pk": 5, "fields": {"first_name": "\u826f\u955b(\u91d1\u5eb8)", "last_name": "\u67e5", "date_of_birth": "1924-03-10", "date_of_death": "2018-10-30"}}, {"model": "catalog.author", "pk": 6, "fields": {"first_name": "\u8000\u534e(\u53e4\u9f99)", "last_name": "\u718a", "date_of_birth": "1938-06-07", "date_of_death": "1985-09-21"}}, {"model": "catalog.author", "pk": 7, "fields": {"first_name": "\u7fbd\u751f", "last_name": "\u6881", "date_of_birth": "1924-03-22", "date_of_death": "2009-01-22"}}, {"model": "catalog.author", "pk": 8, "fields": {"first_name": "\u6148\u6b23", "last_name": "\u5218", "date_of_birth": "1963-06-23", "date_of_death": null}}, {"model": "catalog.author", "pk": 9, "fields": {"first_name": "\u6cbb", "last_name": "\u6768", "date_of_birth": "1977-07-13", "date_of_death": null}}, {"model": "catalog.author", "pk": 10, "fields": {"first_name": "\u949f\u4e66", "last_name": "\u94b1", "date_of_birth": "1910-10-20", "date_of_death": "1998-12-19"}}]